-- phpMyAdmin SQL Dump
-- version 5.2.1
-- https://www.phpmyadmin.net/
--
-- 主機： 127.0.0.1
-- 產生時間： 2024-06-19 12:42:51
-- 伺服器版本： 10.4.28-MariaDB
-- PHP 版本： 8.2.4

SET SQL_MODE = "NO_AUTO_VALUE_ON_ZERO";
START TRANSACTION;
SET time_zone = "+00:00";


/*!40101 SET @OLD_CHARACTER_SET_CLIENT=@@CHARACTER_SET_CLIENT */;
/*!40101 SET @OLD_CHARACTER_SET_RESULTS=@@CHARACTER_SET_RESULTS */;
/*!40101 SET @OLD_COLLATION_CONNECTION=@@COLLATION_CONNECTION */;
/*!40101 SET NAMES utf8mb4 */;

--
-- 資料庫： `final`
--

-- --------------------------------------------------------

--
-- 資料表結構 `comment`
--

CREATE TABLE `comment` (
  `member_ID` int(11) NOT NULL,
  `Movie_name` varchar(20) NOT NULL,
  `time` datetime NOT NULL,
  `context` varchar(500) DEFAULT NULL
) ENGINE=InnoDB DEFAULT CHARSET=utf8mb4 COLLATE=utf8mb4_general_ci;

--
-- 傾印資料表的資料 `comment`
--

INSERT INTO `comment` (`member_ID`, `Movie_name`, `time`, `context`) VALUES
(1, '劇場版 排球少年!! 垃圾場的決戰', '2024-06-19 11:32:39', '好看'),
(5, '劇場版 排球少年!! 垃圾場的決戰', '2024-06-19 12:06:02', '確實');

-- --------------------------------------------------------

--
-- 資料表結構 `member`
--

CREATE TABLE `member` (
  `ID` int(11) NOT NULL,
  `ID_member` varchar(11) NOT NULL,
  `Name` varchar(20) NOT NULL,
  `e_mail` varchar(100) DEFAULT NULL,
  `Password` varchar(20) NOT NULL,
  `Phone_number` char(10) NOT NULL
) ENGINE=InnoDB DEFAULT CHARSET=utf8mb4 COLLATE=utf8mb4_general_ci;

--
-- 傾印資料表的資料 `member`
--

INSERT INTO `member` (`ID`, `ID_member`, `Name`, `e_mail`, `Password`, `Phone_number`) VALUES
(1, 'F131123123', '黃奕翔', 'admin', '1114576', '0912131310'),
(2, 'A114514', 'Daniel_Huang', 'feewoi@gg.com', '123', '091212'),
(5, 'F123123123', 'ayaya', 'jay6545@', '123', '09'),
(6, 'F131576160', 'test', 'dfgnmhg', '123', '09'),
(8, 'F131313131', '肉豆', 'q@gmail', '111', '0963554545'),
(9, 'A123456789', '9', '999@gmail.com', '123123', '0965999999');

-- --------------------------------------------------------

--
-- 資料表結構 `movie`
--

CREATE TABLE `movie` (
  `Name` varchar(20) NOT NULL,
  `movie_rating` float DEFAULT NULL,
  `duration` int(11) DEFAULT NULL,
  `release_date` datetime DEFAULT NULL,
  `introduction` varchar(5000) DEFAULT NULL,
  `rated` varchar(255) DEFAULT NULL,
  `image` varchar(50) DEFAULT NULL
) ENGINE=InnoDB DEFAULT CHARSET=utf8mb4 COLLATE=utf8mb4_general_ci;

--
-- 傾印資料表的資料 `movie`
--

INSERT INTO `movie` (`Name`, `movie_rating`, `duration`, `release_date`, `introduction`, `rated`, `image`) VALUES
('九龍城寨之圍城', NULL, 125, '2024-05-17 00:00:00', ' 落難青年陳洛軍（林峯 飾）因得罪大老闆（洪金寶 飾）被追殺，為了避禍誤闖城寨，在城寨內結識了信一（劉俊謙 飾）、十二少、四仔等，成為換帖好兄弟。眾兄弟們以龍捲風（古天樂 飾）馬首是瞻，奮力抵抗惡勢力大老闆（洪金寶 飾）的入侵，展開連番惡鬥，誓死保衛城寨這個安身之地的故事。', '限制級', 'image/九龍城寨之圍城.jpg'),
('八戒：決戰未來', NULL, 96, '2024-05-31 00:00:00', '八戒（許光漢 配音）是一個擁有街頭智慧卻常搞砸事情的魯蛇，為了讓奶奶（鍾欣凌 配音）到新世界過上好日子，違背良心與建商總裁牛魔王（庹宗華 配音）私下進行交易……。', '普遍級', 'image/八戒：決戰未來.jpg'),
('劇場版 排球少年!! 垃圾場的決戰', 5, 85, '2024-04-12 08:00:00', '自從烏野高中擊敗全國大賽第二輪的勁敵稻荷崎高中後，便將面對宿敵：「音駒高中」，儘管這兩支球隊經常在練習賽中對戰，卻從未在全國錦標賽中交手；烏野與音駒兩所高中的排球教練在年輕時便許下了在全國大賽一決雌雄的約定，卻始終未能如願，直至今日，終於迎來對戰的機會，這兩組最熟悉的對手，都將拼盡全力，打出一場精采且不能重來的宿命之戰。 ', '普遍級', 'image/movie_1.jpg'),
('加菲貓：農場大冒險', NULL, 100, '2024-06-07 00:00:00', '加菲貓是一隻討厭星期一、愛吃千層麵的慵懶家貓，牠即將展開一場出走家門的瘋狂大冒險!日復一日，加菲貓過著平靜舒服的家庭生活，沒想到某天竟突然遭遇綁架，加菲貓與牠忠實的狗狗夥伴歐弟，不情願地與失散多年的父親—放蕩不羈的流浪街貓維克意外重逢。壞壞貓咪金珂絲因不滿曾遭到同為犯罪集團的維克的背叛，因而策劃這次綁架行動，並脅迫加菲貓前往農場偷取牛奶，好補償金珂絲過去的損失。\r\n\r\n被迫離開溫暖舒適生活的加菲貓，只好連同歐弟、維克進行一場風險極高又充滿滑稽、有史以來最大的牛奶偷竊行動。而過程中這對橘貓父子檔的逗趣互動，也開啟了回憶的篇章，揭露加菲貓還是萌萌幼貓時，為何遭受維克狠心遺棄街頭，以及與主人老姜相遇的過程，又如何成為了如今的”一家之貓”?而金珂絲交辦的任務背後究竟有什麼不可告人的陰謀?充滿歡笑與淚水，加菲貓小隊的農場大冒險就此展開!', '普遍級', 'image/加菲貓.jpg'),
('名偵探柯南 100萬美元的五稜星', NULL, 100, '2024-06-28 00:00:00', '柯南劇場版系列第27部作品，由永岡智佳執導，大倉崇裕編劇，故事描述怪盜基德對斧江財團位於北海道函館的收藏庫發出了預告信，然而奇怪的是，向來只愛盜取名貴珠寶的基德，這次目標竟然是一把幕末時代的日本刀。 ', '保護級', 'image/Conan_Movie_27_Poster(1).jpg'),
('帝國浩劫：美國內戰', NULL, 108, '2024-05-01 00:00:00', '不久的未來，美國爆發史上最嚴重的內戰，德州和加州等組成武裝聯盟「西方力量」對抗聯邦政府。眼看聯邦政府即將投降，資深戰地記者李（克絲汀鄧斯特 飾）為了替美國總統進行最後一次採訪，帶著一小隊記者前往白宮，其中包含初生之犢的年輕記者潔西（卡莉史派妮 飾）。他們能夠穿越戰火四起的美國，順利完成任務嗎？', '限制級', 'image/帝國浩劫：美國內戰.jpg'),
('幻幻之交', NULL, 104, '2024-05-15 00:00:00', '一個名叫碧的女孩，無意間發現她可以看見所有人的幻想朋友，在這一段奇幻的冒險旅程中，她必須運用這樣的超能力，來幫助幻幻們和忘記他們的小朋友重新建立連結。', '普遍級', 'image/movie_2.jpg'),
('托芙的房間', NULL, 73, '2024-06-14 00:00:00', '本片根據托丹麥女作家芙迪特萊夫森的最後一部小說《Vilhelms vørste》改編，書中記述了她和丈夫安德烈亞森地獄般的婚姻，托芙於該書出版前一年自殺身亡。 丹麥最偉大、最受歡迎的作家之一托芙迪特萊夫森的傳記電影。1969 年，在哥本哈根，最受讚譽的女作家之一托芙·迪特萊夫森(Tove Ditlevsen)，運用自己的才華和作者身份為當時受壓迫的女性發聲。但托芙的丈夫──新聞編輯維克多·安德烈亞', '保護級', 'image/托芙的房間.jpg'),
('星之聲', NULL, 25, '2024-06-07 00:00:00', '2046年，國中3年級的夏天，獲選拔進入聯合國宇宙軍隊的長峰美加子，和心儀的同學寺尾昇道別。美加子離開地球，昇則進入了普通的高中。被地球和宇宙拆散的兩人靠著電子郵件保持聯絡，但隨著美加子離開地球，郵件來往所花費的時間也愈來愈長……', '普遍級', 'image/星之聲.jpg'),
('波紋', NULL, 120, '2024-05-31 00:00:00', '一名中年婦女在丈夫離家出走後，心靈歸依新興宗教，每日靜心祈禱，只喝教會販售的瓶裝水，把庭院改造成漣漪波紋的枯山水，沒想到丈夫帶著罹癌身體回來求照顧，飯來張口茶來伸手的兒子也把殘疾女友帶進家門，將她看似平靜的生活掀起漣漪，壓抑的陰暗情緒也即將爆發。 ', '普遍級', 'image/波紋.jpg'),
('特技玩家', NULL, 126, '2024-04-26 00:00:00', '他是一名特技演員，就跟這個行業的每一個特技演員一樣，他常常被炸飛、輾壓、破窗而出以及從高處墜落地面，全都是為了娛樂觀眾。如今，他才剛因為意外受傷幾乎被迫無法再從事特技表演，這名勞工階級的英雄必須找到一名失蹤的電影明星、破解一個陰謀論，並且贏回他一生摯愛的芳心，同時還要繼續當一名特技演員。分身乏術、焦頭爛額的他有可能一帆風順嗎？', '限制級', 'image/The_Fall_Guy_2024_Poster.jpg'),
('猩球崛起：王國誕生', NULL, 147, '2024-05-08 00:00:00', '凱撒死後約300年。 在凱撒死後300後，這個世界擁有更原始的景觀、廣闊的森林，而且每隻猩猩、金剛和狒狒都可以用語言溝通。曾經統領猿猴的英雄凱撒已經成了歷史傳奇，餘下來的人猿依舊稱霸世界，且人類自戰爭之後，反而成了底層動物。', '限制級', 'image/movie_3.jpg'),
('睏寐之際', NULL, 79, '2024-06-07 00:00:00', '床母是安撫嬰兒睡覺的女神，她庇佑孩子平安長大。主觀鏡頭的移動，是女神的凝視。 在醒與睡之間的間隙，有第三種意識的維度，女神探索長大人們的心聲，人們訴說內心深處的想望：或在窘迫的生活中，撐持著走自己的路；或在追求理想的路上，伴隨著不安；或在奢華的日子裡，尋找無法回答的答案。在渴睡欲眠、將醒未醒之間，觀眾隨著鏡頭，看到從雅房到豪宅的各種空 間。睡眠有階級之分，卻也超越了階級。', '普遍級', 'image/睏寐之際.jpg'),
('窺探者', NULL, 101, '2024-06-07 00:00:00', '28歲的米娜和一隻鸚鵡達爾文，突然被困在愛爾蘭西部一片廣大無邊、人跡杳然的森林裡；當米娜找到安身處時，才察覺到自己與三個陌生人瑪德琳、奇拉和丹尼爾一起受困在森林裡的雞籠中，其目的是保護這四人的安全，以免遭到窺探者的侵害；屋內的大窗戶在晚上會變成鏡子，裡面的人看不到外面，但在森林裡的生物什麼都看得到。', '保護級', 'image/窺探者.jpg'),
('腦筋急轉彎2', NULL, 96, '2024-06-13 00:00:00', '這次除了最受觀眾喜愛的情緒主角樂樂、憂憂、怒怒、厭厭、驚驚再度登場，更深入探索踏上青少女時期的萊莉內心，全新情緒角色也將全面解鎖，即將隨著她的嶄新日常生活一一登場，但一場「腦內革命」也無可避面地隨之爆發，令萊莉的內心世界再度陷入空前危機，樂樂和大夥們因而展開全新旅程，勢必奪回主控權以阻止災難發生！', '普遍級', 'image/px_0004.jpg'),
('芙莉歐莎：瘋狂麥斯傳奇篇章', NULL, 148, '2024-05-22 00:00:00', '隨著文明世界的崩解，年輕的芙莉歐莎從原本的家園眾母綠地被掠走，落入軍閥狄門特斯領導的重機幫派手中。在穿過荒原時，他們來到不死老喬所掌管的城堡。在兩位暴君爭奪統治地位的同時，芙莉歐莎必須在重重考驗中存活下來，並運用各種手段找到回家的路。', '限制級', 'image/movie_4.jpg'),
('逃出狂鯊島', NULL, 86, '2024-06-14 00:00:00', '宛如人間天堂的島嶼，驚現來自地獄的惡魔.... 五位多年未見的閨密，因為參加其中一人在加勒比海舉行的海島婚禮而再度聚首，閒暇之餘，她們決定搭船前往一個無人島探險，沒想到該島的周圍潛藏著飢腸轆轆的鯊魚，五人必須設法從鯊口逃生……。', '限制級', 'image/px_0002.jpg'),
('那日清晨真令人感到空虛', NULL, 75, '2024-05-31 00:00:00', ' 那日早晨本該提起精神迎向新的一天的飯塚（唐田英里佳 飾），意外地停下腳步、腦袋空白、雙眼凝視著遠方的河道。我頓然辭掉符合社會模樣的角色設定。從那天起好像什麼事沒發生，又好像帶著罪惡感，於是似有非有地過著每一天。 有天國中同學加奈子（芋生悠 飾）在飯塚兼職的便利超商巧遇，彼此倚靠著回憶，工作、上學、生活分享傾訴，這成長中該有的形狀，卻是耗盡我們生命裡的各種瑣碎，即使停下來細想，緩步前行，但那裡的盡', '普遍級', 'image/那日清晨真令人感到空虛.jpg'),
('鬼氣球', NULL, 95, '2024-06-14 00:00:00', '多年以前，一處孤兒院，失明的教師麗翠被誣陷殺害了七名小孩，結果被居民們處以火刑含冤而亡。她的冤魂縈繞在這座孤兒院裡，不時詛咒著跟孤兒院相關的人。多年以後，幾個外人搬進已經廢棄了的孤兒院，並發現整棟建築都被麗翠的亡魂所詛咒。悲劇接二連三發生，讓他們試圖查明當年的真相究竟是什麼...。', '限制級', 'image/鬼氣球.jpg'),
('黃藝降', NULL, 12345, '0001-01-01 00:00:00', '大家好，我是黃藝降。', '保護級', 'image/IMG_4354.jpg');

-- --------------------------------------------------------

--
-- 資料表結構 `order`
--

CREATE TABLE `order` (
  `order_id` int(11) NOT NULL COMMENT '訂單編號',
  `member_ID` int(11) NOT NULL COMMENT '會員ID',
  `date` char(5) NOT NULL COMMENT '日期',
  `time` time NOT NULL COMMENT '時間',
  `seats` varchar(255) NOT NULL COMMENT '座位',
  `order_ticket` varchar(255) NOT NULL COMMENT '票種',
  `room_name` varchar(50) NOT NULL COMMENT '影廳名稱',
  `total_price` int(11) NOT NULL COMMENT '總金額',
  `movie_name` varchar(255) NOT NULL
) ENGINE=InnoDB DEFAULT CHARSET=utf8mb4 COLLATE=utf8mb4_general_ci;

--
-- 傾印資料表的資料 `order`
--

INSERT INTO `order` (`order_id`, `member_ID`, `date`, `time`, `seats`, `order_ticket`, `room_name`, `total_price`, `movie_name`) VALUES
(89, 1, '06-21', '19:00:00', '[\"6-7\",\"7-6\"]', 'VIP票*2', '黃金廳', 600, '黃藝降'),
(90, 1, '06-21', '19:00:00', '[\"7-4\"]', 'VIP票*1', '黃金廳', 300, '黃藝降'),
(91, 1, '06-21', '19:00:00', '[\"6-2\",\"6-3\"]', 'VIP票*2', '黃金廳', 600, '黃藝降'),
(92, 1, '06-21', '19:00:00', '[\"2-5\",\"2-6\"]', 'VIP票*2', '黃金廳', 600, '黃藝降'),
(93, 1, '06-21', '19:00:00', '[\"2-3\"]', 'VIP票*1', '黃金廳', 300, '黃藝降'),
(94, 1, '06-21', '19:00:00', '[\"8-2\"]', 'VIP票*1', '黃金廳', 300, '黃藝降'),
(95, 1, '06-21', '19:00:00', '[\"3-4\"]', 'VIP票*1', '黃金廳', 300, '黃藝降'),
(96, 1, '06-22', '15:00:00', '[\"4-5\",\"4-6\"]', 'VIP票*2', '鑽石廳', 600, '星之聲'),
(97, 5, '06-21', '19:00:00', '[\"6-4\",\"6-5\",\"6-6\"]', 'VIP票*1, 公關票*1, 單身票*1', '黃金廳', 802, '黃藝降');

-- --------------------------------------------------------

--
-- 資料表結構 `schedules`
--

CREATE TABLE `schedules` (
  `name` varchar(20) NOT NULL,
  `room` varchar(10) NOT NULL,
  `date` varchar(5) NOT NULL,
  `time` time NOT NULL
) ENGINE=InnoDB DEFAULT CHARSET=utf8mb4 COLLATE=utf8mb4_general_ci;

--
-- 傾印資料表的資料 `schedules`
--

INSERT INTO `schedules` (`name`, `room`, `date`, `time`) VALUES
('星之聲', '鑽石廳', '06-22', '15:00:00'),
('黃藝降', '鑽石廳', '06-15', '03:00:00'),
('黃藝降', '黃金廳', '06-21', '19:00:00'),
('黃藝降', '黃金廳', '06-21', '21:00:00');

-- --------------------------------------------------------

--
-- 資料表結構 `seat_fuck`
--

CREATE TABLE `seat_fuck` (
  `date` varchar(5) NOT NULL,
  `time` time NOT NULL,
  `row` int(10) NOT NULL,
  `column` int(11) NOT NULL,
  `room` varchar(50) NOT NULL,
  `status` varchar(50) DEFAULT NULL
) ENGINE=InnoDB DEFAULT CHARSET=utf8mb4 COLLATE=utf8mb4_general_ci;

--
-- 傾印資料表的資料 `seat_fuck`
--

INSERT INTO `seat_fuck` (`date`, `time`, `row`, `column`, `room`, `status`) VALUES
('06-15', '03:00:00', 1, 1, '鑽石廳', 'available'),
('06-15', '03:00:00', 1, 2, '鑽石廳', 'available'),
('06-15', '03:00:00', 1, 3, '鑽石廳', 'available'),
('06-15', '03:00:00', 1, 4, '鑽石廳', 'available'),
('06-15', '03:00:00', 1, 5, '鑽石廳', 'available'),
('06-15', '03:00:00', 1, 6, '鑽石廳', 'available'),
('06-15', '03:00:00', 1, 7, '鑽石廳', 'available'),
('06-15', '03:00:00', 1, 8, '鑽石廳', 'available'),
('06-15', '03:00:00', 2, 1, '鑽石廳', 'available'),
('06-15', '03:00:00', 2, 2, '鑽石廳', 'available'),
('06-15', '03:00:00', 2, 3, '鑽石廳', 'available'),
('06-15', '03:00:00', 2, 4, '鑽石廳', 'available'),
('06-15', '03:00:00', 2, 5, '鑽石廳', 'available'),
('06-15', '03:00:00', 2, 6, '鑽石廳', 'available'),
('06-15', '03:00:00', 2, 7, '鑽石廳', 'available'),
('06-15', '03:00:00', 2, 8, '鑽石廳', 'available'),
('06-15', '03:00:00', 3, 1, '鑽石廳', 'available'),
('06-15', '03:00:00', 3, 2, '鑽石廳', 'available'),
('06-15', '03:00:00', 3, 3, '鑽石廳', 'available'),
('06-15', '03:00:00', 3, 4, '鑽石廳', 'available'),
('06-15', '03:00:00', 3, 5, '鑽石廳', 'available'),
('06-15', '03:00:00', 3, 6, '鑽石廳', 'available'),
('06-15', '03:00:00', 3, 7, '鑽石廳', 'available'),
('06-15', '03:00:00', 3, 8, '鑽石廳', 'available'),
('06-15', '03:00:00', 4, 1, '鑽石廳', 'available'),
('06-15', '03:00:00', 4, 2, '鑽石廳', 'available'),
('06-15', '03:00:00', 4, 3, '鑽石廳', 'available'),
('06-15', '03:00:00', 4, 4, '鑽石廳', 'available'),
('06-15', '03:00:00', 4, 5, '鑽石廳', 'available'),
('06-15', '03:00:00', 4, 6, '鑽石廳', 'available'),
('06-15', '03:00:00', 4, 7, '鑽石廳', 'available'),
('06-15', '03:00:00', 4, 8, '鑽石廳', 'available'),
('06-15', '03:00:00', 5, 1, '鑽石廳', 'available'),
('06-15', '03:00:00', 5, 2, '鑽石廳', 'available'),
('06-15', '03:00:00', 5, 3, '鑽石廳', 'available'),
('06-15', '03:00:00', 5, 4, '鑽石廳', 'available'),
('06-15', '03:00:00', 5, 5, '鑽石廳', 'available'),
('06-15', '03:00:00', 5, 6, '鑽石廳', 'available'),
('06-15', '03:00:00', 5, 7, '鑽石廳', 'available'),
('06-15', '03:00:00', 5, 8, '鑽石廳', 'available'),
('06-15', '03:00:00', 6, 1, '鑽石廳', 'available'),
('06-15', '03:00:00', 6, 2, '鑽石廳', 'available'),
('06-15', '03:00:00', 6, 3, '鑽石廳', 'available'),
('06-15', '03:00:00', 6, 4, '鑽石廳', 'available'),
('06-15', '03:00:00', 6, 5, '鑽石廳', 'available'),
('06-15', '03:00:00', 6, 6, '鑽石廳', 'available'),
('06-15', '03:00:00', 6, 7, '鑽石廳', 'available'),
('06-15', '03:00:00', 6, 8, '鑽石廳', 'available'),
('06-15', '03:00:00', 7, 1, '鑽石廳', 'available'),
('06-15', '03:00:00', 7, 2, '鑽石廳', 'available'),
('06-15', '03:00:00', 7, 3, '鑽石廳', 'available'),
('06-15', '03:00:00', 7, 4, '鑽石廳', 'available'),
('06-15', '03:00:00', 7, 5, '鑽石廳', 'available'),
('06-15', '03:00:00', 7, 6, '鑽石廳', 'available'),
('06-15', '03:00:00', 7, 7, '鑽石廳', 'available'),
('06-15', '03:00:00', 7, 8, '鑽石廳', 'available'),
('06-15', '03:00:00', 8, 1, '鑽石廳', 'available'),
('06-15', '03:00:00', 8, 2, '鑽石廳', 'available'),
('06-15', '03:00:00', 8, 3, '鑽石廳', 'available'),
('06-15', '03:00:00', 8, 4, '鑽石廳', 'available'),
('06-15', '03:00:00', 8, 5, '鑽石廳', 'available'),
('06-15', '03:00:00', 8, 6, '鑽石廳', 'available'),
('06-15', '03:00:00', 8, 7, '鑽石廳', 'available'),
('06-15', '03:00:00', 8, 8, '鑽石廳', 'available'),
('06-16', '07:30:00', 1, 1, '鑽石廳', 'available'),
('06-16', '07:30:00', 1, 2, '鑽石廳', 'available'),
('06-16', '07:30:00', 1, 3, '鑽石廳', 'available'),
('06-16', '07:30:00', 1, 4, '鑽石廳', 'available'),
('06-16', '07:30:00', 1, 5, '鑽石廳', 'available'),
('06-16', '07:30:00', 1, 6, '鑽石廳', 'available'),
('06-16', '07:30:00', 1, 7, '鑽石廳', 'available'),
('06-16', '07:30:00', 1, 8, '鑽石廳', 'available'),
('06-16', '07:30:00', 2, 1, '鑽石廳', 'available'),
('06-16', '07:30:00', 2, 2, '鑽石廳', 'available'),
('06-16', '07:30:00', 2, 3, '鑽石廳', 'available'),
('06-16', '07:30:00', 2, 4, '鑽石廳', 'available'),
('06-16', '07:30:00', 2, 5, '鑽石廳', 'available'),
('06-16', '07:30:00', 2, 6, '鑽石廳', 'available'),
('06-16', '07:30:00', 2, 7, '鑽石廳', 'avaliable'),
('06-16', '07:30:00', 2, 8, '鑽石廳', 'available'),
('06-16', '07:30:00', 3, 1, '鑽石廳', 'available'),
('06-16', '07:30:00', 3, 2, '鑽石廳', 'available'),
('06-16', '07:30:00', 3, 3, '鑽石廳', 'avaliable'),
('06-16', '07:30:00', 3, 4, '鑽石廳', 'available'),
('06-16', '07:30:00', 3, 5, '鑽石廳', 'available'),
('06-16', '07:30:00', 3, 6, '鑽石廳', 'available'),
('06-16', '07:30:00', 3, 7, '鑽石廳', 'available'),
('06-16', '07:30:00', 3, 8, '鑽石廳', 'available'),
('06-16', '07:30:00', 4, 1, '鑽石廳', 'available'),
('06-16', '07:30:00', 4, 2, '鑽石廳', 'available'),
('06-16', '07:30:00', 4, 3, '鑽石廳', 'available'),
('06-16', '07:30:00', 4, 4, '鑽石廳', 'available'),
('06-16', '07:30:00', 4, 5, '鑽石廳', 'available'),
('06-16', '07:30:00', 4, 6, '鑽石廳', 'available'),
('06-16', '07:30:00', 4, 7, '鑽石廳', 'available'),
('06-16', '07:30:00', 4, 8, '鑽石廳', 'available'),
('06-16', '07:30:00', 5, 1, '鑽石廳', 'available'),
('06-16', '07:30:00', 5, 2, '鑽石廳', 'available'),
('06-16', '07:30:00', 5, 3, '鑽石廳', 'available'),
('06-16', '07:30:00', 5, 4, '鑽石廳', 'available'),
('06-16', '07:30:00', 5, 5, '鑽石廳', 'available'),
('06-16', '07:30:00', 5, 6, '鑽石廳', 'available'),
('06-16', '07:30:00', 5, 7, '鑽石廳', 'available'),
('06-16', '07:30:00', 5, 8, '鑽石廳', 'available'),
('06-16', '07:30:00', 6, 1, '鑽石廳', 'available'),
('06-16', '07:30:00', 6, 2, '鑽石廳', 'available'),
('06-16', '07:30:00', 6, 3, '鑽石廳', 'available'),
('06-16', '07:30:00', 6, 4, '鑽石廳', 'available'),
('06-16', '07:30:00', 6, 5, '鑽石廳', 'available'),
('06-16', '07:30:00', 6, 6, '鑽石廳', 'available'),
('06-16', '07:30:00', 6, 7, '鑽石廳', 'available'),
('06-16', '07:30:00', 6, 8, '鑽石廳', 'available'),
('06-16', '07:30:00', 7, 1, '鑽石廳', 'available'),
('06-16', '07:30:00', 7, 2, '鑽石廳', 'available'),
('06-16', '07:30:00', 7, 3, '鑽石廳', 'available'),
('06-16', '07:30:00', 7, 4, '鑽石廳', 'avaliable'),
('06-16', '07:30:00', 7, 5, '鑽石廳', 'available'),
('06-16', '07:30:00', 7, 6, '鑽石廳', 'available'),
('06-16', '07:30:00', 7, 7, '鑽石廳', 'available'),
('06-16', '07:30:00', 7, 8, '鑽石廳', 'available'),
('06-16', '07:30:00', 8, 1, '鑽石廳', 'available'),
('06-16', '07:30:00', 8, 2, '鑽石廳', 'available'),
('06-16', '07:30:00', 8, 3, '鑽石廳', 'available'),
('06-16', '07:30:00', 8, 4, '鑽石廳', 'available'),
('06-16', '07:30:00', 8, 5, '鑽石廳', 'available'),
('06-16', '07:30:00', 8, 6, '鑽石廳', 'available'),
('06-16', '07:30:00', 8, 7, '鑽石廳', 'available'),
('06-16', '07:30:00', 8, 8, '鑽石廳', 'available'),
('06-21', '19:00:00', 1, 1, '黃金廳', 'available'),
('06-21', '19:00:00', 1, 2, '黃金廳', 'available'),
('06-21', '19:00:00', 1, 3, '黃金廳', 'available'),
('06-21', '19:00:00', 1, 4, '黃金廳', 'available'),
('06-21', '19:00:00', 1, 5, '黃金廳', 'avaliable'),
('06-21', '19:00:00', 1, 6, '黃金廳', 'available'),
('06-21', '19:00:00', 1, 7, '黃金廳', 'available'),
('06-21', '19:00:00', 1, 8, '黃金廳', 'available'),
('06-21', '19:00:00', 2, 1, '黃金廳', 'available'),
('06-21', '19:00:00', 2, 2, '黃金廳', 'available'),
('06-21', '19:00:00', 2, 3, '黃金廳', 'available'),
('06-21', '19:00:00', 2, 4, '黃金廳', 'available'),
('06-21', '19:00:00', 2, 5, '黃金廳', 'booked'),
('06-21', '19:00:00', 2, 6, '黃金廳', 'booked'),
('06-21', '19:00:00', 2, 7, '黃金廳', 'available'),
('06-21', '19:00:00', 2, 8, '黃金廳', 'available'),
('06-21', '19:00:00', 3, 1, '黃金廳', 'available'),
('06-21', '19:00:00', 3, 2, '黃金廳', 'available'),
('06-21', '19:00:00', 3, 3, '黃金廳', 'available'),
('06-21', '19:00:00', 3, 4, '黃金廳', 'booked'),
('06-21', '19:00:00', 3, 5, '黃金廳', 'available'),
('06-21', '19:00:00', 3, 6, '黃金廳', 'available'),
('06-21', '19:00:00', 3, 7, '黃金廳', 'available'),
('06-21', '19:00:00', 3, 8, '黃金廳', 'available'),
('06-21', '19:00:00', 4, 1, '黃金廳', 'booked'),
('06-21', '19:00:00', 4, 2, '黃金廳', 'booked'),
('06-21', '19:00:00', 4, 3, '黃金廳', 'booked'),
('06-21', '19:00:00', 4, 4, '黃金廳', 'booked'),
('06-21', '19:00:00', 4, 5, '黃金廳', 'booked'),
('06-21', '19:00:00', 4, 6, '黃金廳', 'booked'),
('06-21', '19:00:00', 4, 7, '黃金廳', 'booked'),
('06-21', '19:00:00', 4, 8, '黃金廳', 'booked'),
('06-21', '19:00:00', 5, 1, '黃金廳', 'booked'),
('06-21', '19:00:00', 5, 2, '黃金廳', 'booked'),
('06-21', '19:00:00', 5, 3, '黃金廳', 'booked'),
('06-21', '19:00:00', 5, 4, '黃金廳', 'booked'),
('06-21', '19:00:00', 5, 5, '黃金廳', 'booked'),
('06-21', '19:00:00', 5, 6, '黃金廳', 'booked'),
('06-21', '19:00:00', 5, 7, '黃金廳', 'booked'),
('06-21', '19:00:00', 5, 8, '黃金廳', 'available'),
('06-21', '19:00:00', 6, 1, '黃金廳', 'available'),
('06-21', '19:00:00', 6, 2, '黃金廳', 'booked'),
('06-21', '19:00:00', 6, 3, '黃金廳', 'booked'),
('06-21', '19:00:00', 6, 4, '黃金廳', 'booked'),
('06-21', '19:00:00', 6, 5, '黃金廳', 'booked'),
('06-21', '19:00:00', 6, 6, '黃金廳', 'booked'),
('06-21', '19:00:00', 6, 7, '黃金廳', 'booked'),
('06-21', '19:00:00', 6, 8, '黃金廳', 'available'),
('06-21', '19:00:00', 7, 1, '黃金廳', 'available'),
('06-21', '19:00:00', 7, 2, '黃金廳', 'available'),
('06-21', '19:00:00', 7, 3, '黃金廳', 'available'),
('06-21', '19:00:00', 7, 4, '黃金廳', 'booked'),
('06-21', '19:00:00', 7, 5, '黃金廳', 'available'),
('06-21', '19:00:00', 7, 6, '黃金廳', 'booked'),
('06-21', '19:00:00', 7, 7, '黃金廳', 'available'),
('06-21', '19:00:00', 7, 8, '黃金廳', 'available'),
('06-21', '19:00:00', 8, 1, '黃金廳', 'available'),
('06-21', '19:00:00', 8, 2, '黃金廳', 'booked'),
('06-21', '19:00:00', 8, 3, '黃金廳', 'available'),
('06-21', '19:00:00', 8, 4, '黃金廳', 'available'),
('06-21', '19:00:00', 8, 5, '黃金廳', 'available'),
('06-21', '19:00:00', 8, 6, '黃金廳', 'available'),
('06-21', '19:00:00', 8, 7, '黃金廳', 'available'),
('06-21', '19:00:00', 8, 8, '黃金廳', 'available'),
('06-21', '21:00:00', 1, 1, '黃金廳', 'available'),
('06-21', '21:00:00', 1, 2, '黃金廳', 'available'),
('06-21', '21:00:00', 1, 3, '黃金廳', 'available'),
('06-21', '21:00:00', 1, 4, '黃金廳', 'available'),
('06-21', '21:00:00', 1, 5, '黃金廳', 'available'),
('06-21', '21:00:00', 1, 6, '黃金廳', 'available'),
('06-21', '21:00:00', 1, 7, '黃金廳', 'available'),
('06-21', '21:00:00', 1, 8, '黃金廳', 'available'),
('06-21', '21:00:00', 2, 1, '黃金廳', 'available'),
('06-21', '21:00:00', 2, 2, '黃金廳', 'available'),
('06-21', '21:00:00', 2, 3, '黃金廳', 'available'),
('06-21', '21:00:00', 2, 4, '黃金廳', 'available'),
('06-21', '21:00:00', 2, 5, '黃金廳', 'available'),
('06-21', '21:00:00', 2, 6, '黃金廳', 'available'),
('06-21', '21:00:00', 2, 7, '黃金廳', 'available'),
('06-21', '21:00:00', 2, 8, '黃金廳', 'available'),
('06-21', '21:00:00', 3, 1, '黃金廳', 'available'),
('06-21', '21:00:00', 3, 2, '黃金廳', 'available'),
('06-21', '21:00:00', 3, 3, '黃金廳', 'available'),
('06-21', '21:00:00', 3, 4, '黃金廳', 'available'),
('06-21', '21:00:00', 3, 5, '黃金廳', 'available'),
('06-21', '21:00:00', 3, 6, '黃金廳', 'available'),
('06-21', '21:00:00', 3, 7, '黃金廳', 'available'),
('06-21', '21:00:00', 3, 8, '黃金廳', 'available'),
('06-21', '21:00:00', 4, 1, '黃金廳', 'available'),
('06-21', '21:00:00', 4, 2, '黃金廳', 'available'),
('06-21', '21:00:00', 4, 3, '黃金廳', 'available'),
('06-21', '21:00:00', 4, 4, '黃金廳', 'available'),
('06-21', '21:00:00', 4, 5, '黃金廳', 'available'),
('06-21', '21:00:00', 4, 6, '黃金廳', 'available'),
('06-21', '21:00:00', 4, 7, '黃金廳', 'available'),
('06-21', '21:00:00', 4, 8, '黃金廳', 'available'),
('06-21', '21:00:00', 5, 1, '黃金廳', 'available'),
('06-21', '21:00:00', 5, 2, '黃金廳', 'available'),
('06-21', '21:00:00', 5, 3, '黃金廳', 'available'),
('06-21', '21:00:00', 5, 4, '黃金廳', 'available'),
('06-21', '21:00:00', 5, 5, '黃金廳', 'available'),
('06-21', '21:00:00', 5, 6, '黃金廳', 'available'),
('06-21', '21:00:00', 5, 7, '黃金廳', 'available'),
('06-21', '21:00:00', 5, 8, '黃金廳', 'available'),
('06-21', '21:00:00', 6, 1, '黃金廳', 'available'),
('06-21', '21:00:00', 6, 2, '黃金廳', 'available'),
('06-21', '21:00:00', 6, 3, '黃金廳', 'available'),
('06-21', '21:00:00', 6, 4, '黃金廳', 'available'),
('06-21', '21:00:00', 6, 5, '黃金廳', 'available'),
('06-21', '21:00:00', 6, 6, '黃金廳', 'available'),
('06-21', '21:00:00', 6, 7, '黃金廳', 'available'),
('06-21', '21:00:00', 6, 8, '黃金廳', 'available'),
('06-21', '21:00:00', 7, 1, '黃金廳', 'available'),
('06-21', '21:00:00', 7, 2, '黃金廳', 'available'),
('06-21', '21:00:00', 7, 3, '黃金廳', 'available'),
('06-21', '21:00:00', 7, 4, '黃金廳', 'available'),
('06-21', '21:00:00', 7, 5, '黃金廳', 'available'),
('06-21', '21:00:00', 7, 6, '黃金廳', 'available'),
('06-21', '21:00:00', 7, 7, '黃金廳', 'available'),
('06-21', '21:00:00', 7, 8, '黃金廳', 'available'),
('06-21', '21:00:00', 8, 1, '黃金廳', 'available'),
('06-21', '21:00:00', 8, 2, '黃金廳', 'available'),
('06-21', '21:00:00', 8, 3, '黃金廳', 'available'),
('06-21', '21:00:00', 8, 4, '黃金廳', 'available'),
('06-21', '21:00:00', 8, 5, '黃金廳', 'available'),
('06-21', '21:00:00', 8, 6, '黃金廳', 'available'),
('06-21', '21:00:00', 8, 7, '黃金廳', 'available'),
('06-21', '21:00:00', 8, 8, '黃金廳', 'available'),
('06-22', '15:00:00', 1, 1, '鑽石廳', 'available'),
('06-22', '15:00:00', 1, 2, '鑽石廳', 'available'),
('06-22', '15:00:00', 1, 3, '鑽石廳', 'available'),
('06-22', '15:00:00', 1, 4, '鑽石廳', 'available'),
('06-22', '15:00:00', 1, 5, '鑽石廳', 'available'),
('06-22', '15:00:00', 1, 6, '鑽石廳', 'available'),
('06-22', '15:00:00', 1, 7, '鑽石廳', 'available'),
('06-22', '15:00:00', 1, 8, '鑽石廳', 'available'),
('06-22', '15:00:00', 2, 1, '鑽石廳', 'available'),
('06-22', '15:00:00', 2, 2, '鑽石廳', 'available'),
('06-22', '15:00:00', 2, 3, '鑽石廳', 'available'),
('06-22', '15:00:00', 2, 4, '鑽石廳', 'available'),
('06-22', '15:00:00', 2, 5, '鑽石廳', 'available'),
('06-22', '15:00:00', 2, 6, '鑽石廳', 'available'),
('06-22', '15:00:00', 2, 7, '鑽石廳', 'available'),
('06-22', '15:00:00', 2, 8, '鑽石廳', 'available'),
('06-22', '15:00:00', 3, 1, '鑽石廳', 'available'),
('06-22', '15:00:00', 3, 2, '鑽石廳', 'available'),
('06-22', '15:00:00', 3, 3, '鑽石廳', 'available'),
('06-22', '15:00:00', 3, 4, '鑽石廳', 'available'),
('06-22', '15:00:00', 3, 5, '鑽石廳', 'available'),
('06-22', '15:00:00', 3, 6, '鑽石廳', 'available'),
('06-22', '15:00:00', 3, 7, '鑽石廳', 'available'),
('06-22', '15:00:00', 3, 8, '鑽石廳', 'available'),
('06-22', '15:00:00', 4, 1, '鑽石廳', 'available'),
('06-22', '15:00:00', 4, 2, '鑽石廳', 'available'),
('06-22', '15:00:00', 4, 3, '鑽石廳', 'available'),
('06-22', '15:00:00', 4, 4, '鑽石廳', 'available'),
('06-22', '15:00:00', 4, 5, '鑽石廳', 'booked'),
('06-22', '15:00:00', 4, 6, '鑽石廳', 'booked'),
('06-22', '15:00:00', 4, 7, '鑽石廳', 'available'),
('06-22', '15:00:00', 4, 8, '鑽石廳', 'available'),
('06-22', '15:00:00', 5, 1, '鑽石廳', 'available'),
('06-22', '15:00:00', 5, 2, '鑽石廳', 'available'),
('06-22', '15:00:00', 5, 3, '鑽石廳', 'available'),
('06-22', '15:00:00', 5, 4, '鑽石廳', 'available'),
('06-22', '15:00:00', 5, 5, '鑽石廳', 'available'),
('06-22', '15:00:00', 5, 6, '鑽石廳', 'available'),
('06-22', '15:00:00', 5, 7, '鑽石廳', 'available'),
('06-22', '15:00:00', 5, 8, '鑽石廳', 'available'),
('06-22', '15:00:00', 6, 1, '鑽石廳', 'available'),
('06-22', '15:00:00', 6, 2, '鑽石廳', 'available'),
('06-22', '15:00:00', 6, 3, '鑽石廳', 'available'),
('06-22', '15:00:00', 6, 4, '鑽石廳', 'available'),
('06-22', '15:00:00', 6, 5, '鑽石廳', 'available'),
('06-22', '15:00:00', 6, 6, '鑽石廳', 'available'),
('06-22', '15:00:00', 6, 7, '鑽石廳', 'available'),
('06-22', '15:00:00', 6, 8, '鑽石廳', 'available'),
('06-22', '15:00:00', 7, 1, '鑽石廳', 'available'),
('06-22', '15:00:00', 7, 2, '鑽石廳', 'available'),
('06-22', '15:00:00', 7, 3, '鑽石廳', 'available'),
('06-22', '15:00:00', 7, 4, '鑽石廳', 'available'),
('06-22', '15:00:00', 7, 5, '鑽石廳', 'available'),
('06-22', '15:00:00', 7, 6, '鑽石廳', 'available'),
('06-22', '15:00:00', 7, 7, '鑽石廳', 'available'),
('06-22', '15:00:00', 7, 8, '鑽石廳', 'available'),
('06-22', '15:00:00', 8, 1, '鑽石廳', 'available'),
('06-22', '15:00:00', 8, 2, '鑽石廳', 'available'),
('06-22', '15:00:00', 8, 3, '鑽石廳', 'available'),
('06-22', '15:00:00', 8, 4, '鑽石廳', 'available'),
('06-22', '15:00:00', 8, 5, '鑽石廳', 'available'),
('06-22', '15:00:00', 8, 6, '鑽石廳', 'available'),
('06-22', '15:00:00', 8, 7, '鑽石廳', 'available'),
('06-22', '15:00:00', 8, 8, '鑽石廳', 'available');

-- --------------------------------------------------------

--
-- 資料表結構 `ticket`
--

CREATE TABLE `ticket` (
  `Name` varchar(20) NOT NULL COMMENT '票種名稱',
  `description` varchar(225) NOT NULL COMMENT '票種詳細內容',
  `price` int(11) NOT NULL
) ENGINE=InnoDB DEFAULT CHARSET=utf8mb4 COLLATE=utf8mb4_general_ci;

--
-- 傾印資料表的資料 `ticket`
--

INSERT INTO `ticket` (`Name`, `description`, `price`) VALUES
('VIP票', '電影票*1', 300),
('公關票', '假的 不是公關票', 2),
('單身票', '電影票*1', 500);

--
-- 已傾印資料表的索引
--

--
-- 資料表索引 `comment`
--
ALTER TABLE `comment`
  ADD KEY `member_ID` (`member_ID`),
  ADD KEY `Movie_name` (`Movie_name`);

--
-- 資料表索引 `member`
--
ALTER TABLE `member`
  ADD PRIMARY KEY (`ID`);

--
-- 資料表索引 `movie`
--
ALTER TABLE `movie`
  ADD PRIMARY KEY (`Name`);

--
-- 資料表索引 `order`
--
ALTER TABLE `order`
  ADD PRIMARY KEY (`order_id`),
  ADD KEY `member_ID` (`member_ID`),
  ADD KEY `movie_name` (`movie_name`);

--
-- 資料表索引 `schedules`
--
ALTER TABLE `schedules`
  ADD PRIMARY KEY (`name`,`date`,`time`);

--
-- 資料表索引 `seat_fuck`
--
ALTER TABLE `seat_fuck`
  ADD PRIMARY KEY (`date`,`time`,`row`,`column`,`room`);

--
-- 資料表索引 `ticket`
--
ALTER TABLE `ticket`
  ADD PRIMARY KEY (`Name`);

--
-- 在傾印的資料表使用自動遞增(AUTO_INCREMENT)
--

--
-- 使用資料表自動遞增(AUTO_INCREMENT) `member`
--
ALTER TABLE `member`
  MODIFY `ID` int(11) NOT NULL AUTO_INCREMENT, AUTO_INCREMENT=10;

--
-- 使用資料表自動遞增(AUTO_INCREMENT) `order`
--
ALTER TABLE `order`
  MODIFY `order_id` int(11) NOT NULL AUTO_INCREMENT COMMENT '訂單編號', AUTO_INCREMENT=98;

--
-- 已傾印資料表的限制式
--

--
-- 資料表的限制式 `comment`
--
ALTER TABLE `comment`
  ADD CONSTRAINT `comment_ibfk_1` FOREIGN KEY (`member_ID`) REFERENCES `member` (`ID`) ON DELETE CASCADE,
  ADD CONSTRAINT `comment_ibfk_2` FOREIGN KEY (`Movie_name`) REFERENCES `movie` (`Name`) ON DELETE CASCADE ON UPDATE CASCADE;

--
-- 資料表的限制式 `order`
--
ALTER TABLE `order`
  ADD CONSTRAINT `order_ibfk_1` FOREIGN KEY (`member_ID`) REFERENCES `member` (`ID`) ON DELETE CASCADE ON UPDATE CASCADE,
  ADD CONSTRAINT `order_ibfk_2` FOREIGN KEY (`movie_name`) REFERENCES `movie` (`Name`) ON DELETE CASCADE ON UPDATE CASCADE;

--
-- 資料表的限制式 `schedules`
--
ALTER TABLE `schedules`
  ADD CONSTRAINT `schedules_ibfk_1` FOREIGN KEY (`name`) REFERENCES `movie` (`Name`) ON DELETE CASCADE ON UPDATE CASCADE;
COMMIT;

/*!40101 SET CHARACTER_SET_CLIENT=@OLD_CHARACTER_SET_CLIENT */;
/*!40101 SET CHARACTER_SET_RESULTS=@OLD_CHARACTER_SET_RESULTS */;
/*!40101 SET COLLATION_CONNECTION=@OLD_COLLATION_CONNECTION */;
